<?xml version="1.0" encoding="UTF-8"?><rss version="2.0"
	xmlns:content="http://purl.org/rss/1.0/modules/content/"
	xmlns:wfw="http://wellformedweb.org/CommentAPI/"
	xmlns:dc="http://purl.org/dc/elements/1.1/"
	xmlns:atom="http://www.w3.org/2005/Atom"
	xmlns:sy="http://purl.org/rss/1.0/modules/syndication/"
	xmlns:slash="http://purl.org/rss/1.0/modules/slash/"
	>

<channel>
	<title>WholeAdmin78338, Author at Wholegrain Tech</title>
	<atom:link href="/author/wholeadmin78338/feed/" rel="self" type="application/rss+xml" />
	<link>/author/wholeadmin78338/</link>
	<description>Business Automation</description>
	<lastBuildDate>Sat, 27 May 2023 04:38:34 +0000</lastBuildDate>
	<language>en-US</language>
	<sy:updatePeriod>
	hourly	</sy:updatePeriod>
	<sy:updateFrequency>
	1	</sy:updateFrequency>
	<generator>https://wordpress.org/?v=6.2.2</generator>

<image>
	<url>/wp-content/uploads/2023/05/cropped-cropped-white-logo-32x32.webp</url>
	<title>WholeAdmin78338, Author at Wholegrain Tech</title>
	<link>/author/wholeadmin78338/</link>
	<width>32</width>
	<height>32</height>
</image> 
	<item>
		<title>Hello world!</title>
		<link>/2023/05/27/hello-world/</link>
					<comments>/2023/05/27/hello-world/#comments</comments>
		
		<dc:creator><![CDATA[WholeAdmin78338]]></dc:creator>
		<pubDate>Sat, 27 May 2023 04:38:34 +0000</pubDate>
				<category><![CDATA[Uncategorized]]></category>
		<guid isPermaLink="false">/?p=1</guid>

					<description><![CDATA[<p>Welcome to WordPress. This is your first post. Edit or delete it, then start writing!</p>
<p>The post <a rel="nofollow" href="/2023/05/27/hello-world/">Hello world!</a> appeared first on <a rel="nofollow" href="/">Wholegrain Tech</a>.</p>
]]></description>
										<content:encoded><![CDATA[
<p>Welcome to WordPress. This is your first post. Edit or delete it, then start writing!</p>
<p>The post <a rel="nofollow" href="/2023/05/27/hello-world/">Hello world!</a> appeared first on <a rel="nofollow" href="/">Wholegrain Tech</a>.</p>
]]></content:encoded>
					
					<wfw:commentRss>/2023/05/27/hello-world/feed/</wfw:commentRss>
			<slash:comments>1</slash:comments>
		
		
			</item>
	</channel>
</rss>
